{"modality": "mri", "count": 64, "values": [1.684694528579712, 0.0, 0.0, 0.0, 1.6472800970077515, 0.0, 1.7234277725219727, 0.0, 2.3439698219299316, 0.0, 0.0, 0.0, 1.143632411956787, 0.0, 0.0, 0.6074303388595581, 0.06324923038482666, 0.33816099166870117, 0.020230308175086975, 0.0, 0.0, 1.4005603790283203, 0.0, 1.6269550323486328, 1.747849702835083, 0.0, 0.005493134260177612, 0.0, 0.2942536473274231, 0.0, 1.5918021202087402, 1.4470369815826416, 0.0, 0.0, 0.09744572639465332, 0.4147360026836395, 0.0, 0.7034292221069336, 0.0, 0.0, 0.21981434524059296, 0.2835836410522461, 0.38175463676452637, 0.11218348145484924, 0.0, 0.0, 0.16952082514762878, 0.0, 0.8862078189849854, 0.0, 1.4201338291168213, 1.7278552055358887, 0.5502943992614746, 0.0, 0.4390838146209717, 0.9772394299507141, 0.4339767396450043, 1.1535453796386719, 0.0, 0.0, 0.0, 1.884271264076233, 0.0, 0.0]}