{"modality": "handwriting", "count": 128, "values": [0.0, 2.1624741554260254, 0.0, 0.0, 0.0, 0.20267517864704132, 0.0, 0.0, 0.0, 0.6141923069953918, 0.0, 0.0, 0.0, 0.0, 0.5177459120750427, 0.0, 0.7754109501838684, 0.0, 0.0, 0.8770992755889893, 1.5850517749786377, 0.0, 0.0, 0.0, 0.0, 0.0, 0.0, 0.8960427045822144, 0.0, 0.0, 0.0, 0.0, 0.0, 0.0, 0.0, 0.0, 0.0, 0.0, 0.0, 0.12537051737308502, 0.0, 0.0, 0.0, 0.0, 0.0, 0.0, 0.0, 0.0, 0.0, 0.0, 0.0, 3.1733438968658447, 1.5603461265563965, 0.0, 0.0, 0.0, 0.0, 0.0, 0.6842420101165771, 0.0, 0.0, 0.6259150505065918, 1.509144902229309, 0.0826578214764595, 0.0, 0.0, 0.0, 0.0, 0.0, 0.0, 0.0, 0.6891371011734009, 0.0, 1.4685704708099365, 1.6011900901794434, 0.0, 0.0, 0.0, 0.0, 0.0, 0.0, 0.0, 0.0, 0.0, 0.0, 0.0, 0.0, 1.1918851137161255, 0.0, 0.0, 0.40500786900520325, 0.9636102318763733, 0.0, 0.945817768573761, 0.0, 0.0, 1.8198729753494263, 0.700700044631958, 1.3278999328613281, 0.0, 0.0, 2.104649782180786, 0.11513715982437134, 0.0, 0.0, 0.9488880634307861, 1.1298664808273315, 0.0, 0.0, 0.0, 0.0, 0.0, 1.572425127029419, 1.2268750667572021, 2.285083770751953, 1.6350466012954712, 0.0, 1.3165632486343384, 0.0, 2.122000217437744, 0.0, 0.0, 0.41717058420181274, 0.0, 0.0, 1.4983071088790894, 0.11412172764539719, 2.2166225910186768]}