{"modality": "voice", "count": 22, "values": [183.46425764872288, 189.49842443933636, 147.14024161166182, 0.0058666916570917675, 0.0058666916570917675, 0.0034086035034963315, 0.0034991660917498093, 0.003432850580159538, 0.04808149775509601, 0.44169677090606574, 0.02626266437656468, 0.03181109123769092, 0.03711065417205846, 0.07878799312969403, 0.046000084091644466, 21.739090693002485, 0.0, 0.007803919570899646, 0.0, 0.0, 0.0, 0.002908278937192876]}