{"modality": "mri", "count": 64, "values": [1.4241161346435547, 0.0, 0.0, 0.0, 1.153493881225586, 0.0, 1.1806858777999878, 0.1618894636631012, 1.8558423519134521, 0.0, 0.0, 0.0, 0.8494599461555481, 0.0, 0.0, 0.3135156035423279, 0.0, 0.03970775380730629, 0.0, 0.0, 0.0, 1.3539620637893677, 0.0, 1.2175195217132568, 1.5116665363311768, 0.0, 0.0, 0.0, 0.27272629737854004, 0.0, 1.326250433921814, 1.4206290245056152, 0.0, 0.0, 0.1354900300502777, 0.1677631139755249, 0.0, 0.6077498197555542, 0.0, 0.0, 0.0444001704454422, 0.17514196038246155, 0.5214824080467224, 0.1029118001461029, 0.0, 0.0, 0.09293115139007568, 0.0, 0.5494787693023682, 0.0, 1.1137816905975342, 1.4743515253067017, 0.38879555463790894, 0.0, 0.1725473254919052, 0.7445310354232788, 0.3390628397464752, 0.8482229113578796, 0.0, 0.0, 0.0, 1.6214039325714111, 0.0, 0.0]}