{"modality": "handwriting", "count": 128, "values": [0.0, 2.0546672344207764, 0.0, 0.0, 0.0, 0.1939634084701538, 0.0, 0.0, 0.0, 0.5506701469421387, 0.0, 0.0, 0.0, 0.0, 0.4706973731517792, 0.0, 0.7281106114387512, 0.0, 0.0, 0.7969609498977661, 1.4619214534759521, 0.0, 0.0, 0.0, 0.0, 0.0, 0.0, 0.8619019985198975, 0.0, 0.0, 0.0, 0.0, 0.0, 0.0, 0.0, 0.0, 0.0, 0.0, 0.0, 0.1240144819021225, 0.0, 0.0, 0.0, 0.0, 0.0, 0.0, 0.0, 0.0, 0.0, 0.0, 0.0, 2.9580888748168945, 1.4290211200714111, 0.0, 0.0, 0.0, 0.0, 0.0, 0.6440873742103577, 0.0, 0.0, 0.5764194130897522, 1.408488154411316, 0.07568345218896866, 0.0, 0.0, 0.0, 0.0, 0.0, 0.0, 0.0, 0.6486645340919495, 0.0, 1.3416836261749268, 1.5032438039779663, 0.0, 0.0, 0.0, 0.0, 0.0, 0.0, 0.0, 0.0, 0.0, 0.0, 0.0, 0.0, 1.1018954515457153, 0.0, 0.0, 0.3694009482860565, 0.865608274936676, 0.0, 0.9025070667266846, 0.0, 0.0, 1.7058082818984985, 0.6354671716690063, 1.2372360229492188, 0.0, 0.0, 1.955364465713501, 0.07359565794467926, 0.0, 0.0, 0.8730652928352356, 1.0490022897720337, 0.0, 0.0, 0.0, 0.0, 0.0, 1.4795893430709839, 1.1597435474395752, 2.1510279178619385, 1.519582748413086, 0.0, 1.2239850759506226, 0.0, 1.9911903142929077, 0.0, 0.0, 0.36528587341308594, 0.0, 0.0, 1.3954271078109741, 0.10113231092691422, 2.0990095138549805]}