MDVP:Fo(Hz),MDVP:Fhi(Hz),MDVP:Flo(Hz),MDVP:Jitter(%),MDVP:Jitter(Abs),MDVP:RAP,MDVP:PPQ,Jitter:DDP,MDVP:Shimmer,MDVP:Shimmer(dB),Shimmer:APQ3,Shimmer:APQ5,MDVP:APQ,Shimmer:DDA,NHR,HNR,RPDE,DFA,spread1,spread2,D2,PPE,name,status
-0.336394446,-0.409076127,-1.135775129,0.403156495,0.461844741,0.335654639,0.346539977,0.334446933,0.120736345,0.158191164,0.260276645,0.018489671,0.011744078,0.260274703,-0.074838174,-0.526905929,-0.370355364,0.050892597,0.252870634,0.004082758,-0.057234566,0.218097742,phon_R01_S18_1,1
